review_id,user_name,review_text,rating,thumbs_up_count,app_version,review_date,developer_reply_text,developer_reply_date,developer_reply,review_length,positive_review,negative_review
b9cda364-779b-43f8-9001-4e910525fab2,Salman Khan,good,5,0,,2026-07-05 22:51:39,,,False,4,True,False
f9a80ca9-a4e2-4abe-ac1e-887c725df8e6,Balkrishan Chaturvedi,delete aap,1,0,,2026-07-05 22:44:56,,,False,10,False,False
b4493574-ebdb-4387-bacc-8665593996de,Khoa Nguyễn Anh,Grab keeps requiring old sms banking when I link VCB card. VCB recommends using Smart OTP and don't use SMS OTP as it is not secure enough. Grab team is either does not care about security or inability to adapt to newer technology. This is stupid.,1,0,,2026-07-05 22:35:09,,,False,247,True,False
1b208409-5908-46b3-8461-8dba33b4099a,Tch Maju,good manners,5,0,5.417.0,2026-07-05 22:25:16,,,False,12,True,False
9c3e6d7d-6eb1-49d2-b53f-5b8c1dcad05c,kathlene cate mias baltazar (kc-o1),IM SUPER SATISFIED!!,5,0,,2026-07-05 21:55:53,,,False,20,False,False
3f1201ba-6d39-43c9-bb36-6c04a0357829,RR,lemot buggy glitchy gengges,1,1,5.417.0,2026-07-05 21:48:58,,,False,27,False,True
ce64bb64-0906-418a-8124-5d8c1d43f36d,Syahbani Aprianto,pesan terakhir 48% jasa merchant...edan,1,0,5.362.0,2026-07-05 21:41:45,,,False,39,False,False
9bf31720-1307-4222-ac99-b8c930e77fb0,Phạm Tiến Dũng,"tài xế có địa chỉ, gửi cả định vị mà không tìm nổi! tự hủy chuyến!",1,0,5.417.0,2026-07-05 21:26:11,,,False,66,False,False
fe403c5c-e7c0-4540-aa11-1f3bbdadad86,Greecyia Scholastica,Sometimes the food prices is cheaper than other food app,5,0,5.417.0,2026-07-05 21:14:26,,,False,56,False,False
e3af1356-647b-4220-8f57-051ca80179cd,Im_ Manikandan,Problem. No. Proper guidelines,1,0,5.247.0,2026-07-05 21:14:04,,,False,30,False,True
e76eaf3e-d1cf-41e2-ba95-29f59bc6b467,Reymel jay Garcia,can't delete my acc,1,0,,2026-07-05 21:05:18,,,False,19,False,False
61d5a0a2-459e-4e19-a3e9-e9ac00d5f050,Benny andra,grab masukan aja nie yg pilihan makanan napa jd cm bs klik 1 macam sblmnya bs klik bbrp cth kyk nasi ayam mie skrng cm bs klik 1 ribet,4,0,5.417.0,2026-07-05 20:46:44,,,False,134,False,False
7b9fe821-19ff-4bb5-a788-577e87c6cba6,9,skema ovo paylater ubah seperti shopee paylater / gopay later. skema yg sekarang tidak menarik untuk digunakan!,1,0,5.417.0,2026-07-05 20:35:12,"Hi 9, do reach out to us via our online/in-app Help Centre with more details so that we can look into this for you.",2021-06-27 12:31:27,True,111,False,False
10ac5e20-0fc5-4339-891a-43d5e95b57e9,Troyan Martins,awesome,5,0,5.417.0,2026-07-05 20:12:53,,,False,7,False,False
2b70b36b-fdfe-42a8-a496-7f098402900d,Marcelo Cuas,good,5,0,5.417.0,2026-07-05 19:39:25,,,False,4,True,False
a4dfc578-00cb-4c50-a299-01910dcf7a7d,Kyaw,cool,5,0,5.417.0,2026-07-05 18:43:56,,,False,4,False,False
5f5d86df-d6f1-461c-9075-6d4c63b17079,Anuj Kumar,👌🏻👌🏻,5,0,5.417.0,2026-07-05 17:23:00,,,False,4,False,False
ab63e647-ad6f-440f-acb9-ccfb4355b0ff,jang soo,"ordered on different mcdonalds far from my area because the bundle o wanted to buy was not available, after placing order the branch near me had the item I needed to buy. this app is a scam. will charge you more for Shipping fee",1,1,5.416.0,2026-07-05 17:05:46,,,False,228,False,False
bb828274-3f88-471e-a60e-b410be644b8a,Sharon Brown,excellent service,4,0,5.416.0,2026-07-05 16:30:20,,,False,17,True,False
453b6011-5776-404c-94ac-5e12642c08ac,mia miciano,we need more taxi to on time,4,0,5.416.0,2026-07-05 15:59:27,,,False,28,False,False
4ea8baae-794e-4c4d-8dda-bb5a9b6eacc5,Andrey Gutierrez,good service,5,0,5.417.0,2026-07-05 15:38:09,,,False,12,True,False
5ab6755a-bf89-42f9-ad2a-c75d2e0b9247,Inielizel Ihalas,Thank-you for safe driving,5,0,5.416.0,2026-07-05 15:11:04,,,False,26,False,False
7406f0ea-4ea6-4e90-9bbf-7ef5d0a87331,Sojib,ok,1,1,5.414.0,2026-07-05 15:09:53,,,False,2,False,False
3cf0e751-c8e1-401d-8396-b164585bcd2b,Dika,pesen plus car yg Dateng lcgc Avanza,1,1,5.417.0,2026-07-05 15:04:13,,,False,36,False,False
1a5bdeab-1ae8-48f9-8873-e91f4446ea7d,Beun Sopha,good 👍,5,0,5.417.0,2026-07-05 14:50:14,,,False,6,True,False
126990d1-733c-4ca3-adbb-8431804a188c,Papap Nuna,pesanan saya batalkan tapi sudah lebih dari 7 hari uang tidak dikembalikan. saya tanyakan kemana pengembaliannya malah ribet menanyakan nomor kartu debitnya segala. memangnya ga bisa liat sendiri sama adminnya nomor kartu debit terdaftar? KECEWA BERAT!!!,1,0,5.389.0,2026-07-05 14:39:19,,,False,254,False,False
b35edc35-c22a-4d57-a03f-7f8929b62df3,Gladys Abato,wow ilove it so amazing 😍😘,5,0,,2026-07-05 14:27:10,,,False,26,True,False
4fd0fda4-8283-4cbc-9382-592f473b8295,Henry Goh,"Update: really bad search engine. I look for pork innards and the results show halal food. Kemon la, fix your search code.",1,1,5.417.0,2026-07-05 14:18:43,,,False,122,False,True
4a1761ca-6793-4970-bac5-22b23a5fc55a,Shahaddat Hossain,good,5,0,5.417.0,2026-07-05 13:26:44,,,False,4,True,False
c6a9013e-494b-4126-9d17-35702bd5af70,Carlo Tiu,"Used to be good, but has gotten greedier as of late. services are more expensive, less discounts available for consumers, the discount promos have a user cap. Worst of all, they added inline AND fullscreen ADS to the interface now. And this even shows on a paying GrabUnlimited user. You'd think a smart company would just stick to unintrusive ads for free users, but no. Stick to alternative platforms - foodpanda for food, Green GSM for transport. Cheaper and less greedy",1,0,5.414.0,2026-07-05 13:09:29,,,False,473,True,True
29512a63-2786-4980-9fa0-3be9eb480f1f,Mk Sibayan,Very Satisfied,5,0,5.417.0,2026-07-05 12:58:41,,,False,14,False,False
0c9f499b-012e-4854-b864-d85ddc8849a9,Akari Desu,they suddenly removed the voucher even though i haven't use it or doesn't expired it yet.,1,0,5.417.0,2026-07-05 12:33:32,,,False,89,False,False
fa288484-32bd-45e5-9687-a8649d451912,Mdhifzan,its nice,4,0,5.417.0,2026-07-05 12:32:52,,,False,8,False,False
3b659886-7a88-44d3-8d9d-19a94b44ada8,U Soe Naing,good 👍,5,0,5.417.0,2026-07-05 12:27:53,,,False,6,True,False
ac274d41-3815-45a0-96df-1ab59b54fc44,Win moe Thwe,good,3,0,5.417.0,2026-07-05 12:19:33,,,False,4,True,False
11d7f4fa-849b-42b4-82bc-2a43b5437d45,Joseph Crispo,"five star dahil mabait c kuya po,",5,0,5.416.0,2026-07-05 12:02:15,,,False,33,False,False
b82774a4-d916-42a5-9cf4-e53ff54ce0ad,Calvin Dady Carlin,good,5,0,5.417.0,2026-07-05 11:47:55,,,False,4,True,False
5854e8d4-5373-4568-bcea-b5ebcaf40be2,Faizal Musa,ok,5,0,5.417.0,2026-07-05 11:40:19,,,False,2,False,False
0f4b0fbe-fac8-418f-8636-de961ca561a5,Edison Martinez,okay,5,0,5.416.0,2026-07-05 11:27:15,,,False,4,False,False
23a823c7-0a92-4f0b-a852-e0d41e97cb55,Dipesh Khatik,nice app,5,0,,2026-07-05 11:09:47,,,False,8,False,False
f297516a-6487-4f39-8252-33c228b0a23a,Dini Husaini,"loadingnya lama, padahal jaringan stabil aja, buka apk gojek aman aja.",2,0,5.416.0,2026-07-05 10:35:37,,,False,70,False,False
467ba27c-7ffd-4b0f-9505-d3cc7bea3d97,RL,ช่วงหลังๆ ไรเดอร์วางของให้แบบไม่โทรแจ้ง เพิ่งสังเกตว่าแอพมันเลือก วางไว้ ทั้งๆ ที่ไม่ได้เลือกให้วางไว้เลยงงมาก,2,0,,2026-07-05 10:09:10,,,False,110,False,False
0c2c9388-38bd-4168-9b6c-65e78d8c4e00,Yami Hotaru,I can't cancel an order the moment its out and the reason is that its already being prepared. I know its fastfood but I find it hard to believe they IMMEDIATELY have everything packed and I can't modify my order or made a mistake and want to redo it again.,3,3,5.417.0,2026-07-05 09:47:35,"Hi Yami Hotaru, sorry about this. The pool of available cars are accessible to all passengers in the same area and since situation remains fluid as drivers can opt in and out of the available pool, we do apologize for the occasion wait but we assure you that we are expanding our pool of drivers to be able to meet the increasing demand. Thank you",2018-06-23 13:54:07,True,256,True,False
c7ccb0fb-0bae-4313-8d8c-9c717505f84d,Junie Lhey Belleza,super useful apps👍👍👍👍,5,0,5.416.0,2026-07-05 09:26:42,,,False,21,False,False
9cad33d8-9a44-4e8d-b4d0-e9a4841e7b34,Nant Yin Yin Nu,It's okm,5,0,5.413.0,2026-07-05 08:55:55,,,False,8,False,False
751fcc33-2eaf-4d4a-864d-f3cee0a34508,Skye Moon,"i use it and need it in Phnom Penh Cambodia but it doesn't mean i like it. Customer service will never be on your side and store workers will steal your items before sending you an empty container and there is nothing you can do about. i dont care what they reply, i am telling the truth.",1,0,5.417.0,2026-07-05 08:26:39,,,False,288,False,False
ac0f489f-8abb-4e4e-8cb4-a4210c9b71e7,roger baliber,Nag upgrade kayo pababa dati ang bilis lang magbayad sa inyo ngayon inaabot na ng 15 minutes bago ma accept ayusin nyo to,1,0,5.417.0,2026-07-05 08:13:23,,,False,121,False,False
debab391-3449-4e62-b990-95f2f126b316,Neelam Kanojiya,ye bahut mast app hai,5,0,,2026-07-05 00:56:04,,,False,21,False,False
5bcb8dd8-3167-4c95-8148-636e9f7140f6,sangaji haryanto,"harga makanan nya lebih mahal drpd beli sendiri, belom lg biaya layanan aplikasi, biaya kirim. waaaah menang banyak. belom lagi kita dsaran kan kasih tip buat. harga normal 20 pesen di apk 38 nyaris 100% selisih nya.",3,0,5.416.0,2026-07-05 00:11:38,,,False,216,False,False
2573edb9-9fd2-410e-84d2-cb73ae579360,Dayang F1007,mudah untuk membeli dan mencari kenderaan ketika keadaan yang terdesak. ia juga memudahkan pengguna dalam membuat transaksi.,5,0,5.416.0,2026-07-04 23:55:31,,,False,124,False,False
c63cb92a-0ac7-4130-a32b-5b9dafd4957c,22 April,"tolong dong update yg bener. ganggu banget sumpah. tiap buka aplikasinya ngelag terus. lokasi ga ditemukan lah. diluar jangkauan internet lah. buka aplikasi lain aman2 aja. giliran buka grab astagaaaaa.. udah order tiba2 lag lagi, blank gabisa diapa2in. sumpah ya grab bener2 aplikasinya nguras emosii",1,0,5.417.0,2026-07-04 23:26:13,,,False,301,False,False
b10a0ab0-d240-440d-bc1e-7bfcb30e7102,Shahidul Islam,good,5,0,5.417.0,2026-07-04 22:57:32,,,False,4,True,False
e1825eb6-a7c9-41da-af97-3bf3ca8e13ce,Danish Fazli,Apps sampah saya tukar fon baru terus tak boleh log in account pakai no. fon sama🤧,1,0,5.417.0,2026-07-04 22:33:25,,,False,82,False,False
4f2811cc-53ab-4fbb-b8bf-f74f36e9ea37,Madam K,"sedapppp banyakkk puas hati,,will repaet later",5,0,5.414.0,2026-07-04 22:31:22,,,False,46,False,False
99f0b644-2f03-4c41-ac78-3b1a916236fe,Nur 'Izzati,This application scam and many take money from costumer. Don't use this application.,1,0,,2026-07-04 22:15:17,,,False,84,False,False
f7424bce-4829-4794-87ee-f7dd24f25f61,Davin Navad,"jadi lemot bgt apk lu, capek",1,0,5.417.0,2026-07-04 22:06:04,,,False,28,False,False
8269f0b1-3851-40c9-b309-0c7ec48efa19,Ma. Christina Gonzales,very good,5,0,5.413.0,2026-07-04 21:36:43,,,False,9,True,False
4b38e9ee-3cfc-460f-afad-f7638c610556,Yudha Pramalucia,Mau buat pengaduan susah! No telp hotline ga ada yang bisa dihubungi! Menyusahkan!!,1,0,5.416.0,2026-07-04 21:30:02,,,False,83,False,False
cf33fa3d-3b52-4d3d-a6fb-04eb0218b773,ricky lee,"parah banget ini app, udah tahunan dipake. tiba tiba alamat berubah sendiri. lalu kirim ke temmpat lain. gak jelas",1,0,,2026-07-04 21:22:49,,,False,114,False,False
5172da8e-c6e7-43e9-859b-3a6b3f59e3c5,Ginger bread,sometimes food merchant is still online while their business is closed . and I had no option to cancel my own oder..this is STUPID !!!!,1,0,5.417.0,2026-07-04 20:51:30,,,False,135,False,False
2e474889-fb28-4811-82a0-4c0fa331b363,chanarat chansiricharoengul,ติอต่อ help centre ยาก คุยยาก,1,0,5.417.0,2026-07-04 20:50:41,,,False,29,False,False
724c7bb2-50e0-4ab3-9160-eefdd3e67888,Charles Maximo,very good!,5,0,5.417.0,2026-07-04 20:48:05,,,False,10,True,False
d86a52ca-0339-4ea6-a351-7f1bb0894975,Wui Ken,I order my food for 40 mins already then they cancel my order said that their terminal already closed but it's only 8.45 pm while the website write they close on 9. 30 pm terrible service and attitude,1,0,5.416.0,2026-07-04 20:47:10,,,False,200,False,False
5bcfcbd2-687f-493e-8e6e-03e529194be9,Michelle Ledesma#23,good,5,0,,2026-07-04 20:16:26,,,False,4,True,False
db60ec01-44d5-470a-b6b6-20a027035184,Maxwell Saong,Quite fast,5,0,5.416.0,2026-07-04 19:43:27,,,False,10,True,False
df7e9eb0-58c2-4a50-8b64-df29d0307b41,Xander Vilas,"Easy to use , Thai and English...!!!",5,0,5.417.0,2026-07-04 19:11:05,,,False,36,True,False
2872846d-2c2a-4963-bb3e-44bc6c537424,Lauris Komuļs,good app for deliveries,5,0,5.416.0,2026-07-04 18:10:12,,,False,23,True,False
0a1eddf0-5f09-4f77-964e-002e69df921b,tim s,Tone down the godawful neverending ads! I use this app for transpo.,1,1,5.417.0,2026-07-04 17:42:54,,,False,67,False,False
cc900a21-845b-4beb-bf4c-0e9e4b2b9bb7,Gilbert Efren,nice app,4,0,5.417.0,2026-07-04 17:19:11,,,False,8,False,False
5e9836e0-fb86-4074-b788-e3fc69de85a7,Harsh Yadav,good app,5,0,,2026-07-04 16:59:58,,,False,8,True,False
7b07278f-ae21-4ee4-af31-5a0790611317,raihan dzakwan,oke,5,0,5.417.0,2026-07-04 16:45:10,,,False,3,False,False
3d5a9071-7247-491d-8df6-e8a7d505113b,Saleehin Ariff,Very good,5,0,5.414.0,2026-07-04 16:33:56,,,False,9,True,False
41dcb405-f3ce-43aa-9b7e-6b748e7e53fa,Azwan Safie,Not user-friendly compared to other apps like ShopeePay. Unable to transfer funds to a bank account.,1,0,5.351.1,2026-07-04 16:30:16,,,False,100,False,False
f68205eb-efcc-451b-a374-91ef16dc607c,Akash,good,5,0,5.417.0,2026-07-04 16:10:08,,,False,4,True,False
751a5645-de6c-46e0-9ede-95f194e03860,eddie natasaputra,Harga sering naik secara tiba tiba hinga 3 kali lipat Dari 20 sampai 60 tanpa peringatan,1,0,5.416.0,2026-07-04 16:03:06,"Mohon maaf ya atas ketidaknyamanan yang terjadi.
Apabila Kakak memiliki kendala saat menggunakan aplikasi Grab atau tidak nyaman dengan pelayanan kami, Kakak bisa memilih keluhan yang sesuai di link berikut ya https://grb.to/consumeridhelpcenter 🙏 Terima kasih",2025-12-07 16:45:45,True,88,False,False
38752a28-4b73-4ea5-a566-7e6f4c955ae8,Karen Lau,friendly,5,0,5.417.0,2026-07-04 15:45:56,,,False,8,False,False
0dcdd850-fc38-46e9-b344-b25b13f29d5c,Minhtet thihaaung,စုတ်ပြတ်နေတာပဲ sign inတောင် လွယ်လွယ်ဝင်လုပ်မရဘူး,1,0,,2026-07-04 15:24:11,,,False,48,False,False
45e7b066-60b5-45be-8bc1-23c54e39b5c4,Raju Varkhande,nice app 👌👍🏻,5,0,5.417.0,2026-07-04 15:01:01,,,False,12,False,False
5bd528f5-ef62-42d4-86f9-fd7b4dba4052,Razalin Rajum,"The best app, i've use until now, kudos grab",5,0,5.416.0,2026-07-04 14:53:23,,,False,44,True,False
8932caca-a200-4c0c-a902-3faca24181db,Sarojini Gopal Pillai,Good,5,0,5.416.0,2026-07-04 14:48:31,,,False,4,True,False
df7a82fb-d4ad-4d12-b92c-608e20364cf1,K K,beast app,4,0,5.417.0,2026-07-04 14:47:16,,,False,9,False,False
cef67542-22e5-4428-af77-98835e3d7231,SORRY,nice app,5,0,5.417.0,2026-07-04 14:37:37,,,False,8,False,False
487fb50c-f4a9-45f8-8eb2-9c618679cc49,Amalia B.,"Kecewa berat. Akun dinonaktifkan permanen tanpa bukti dan tanpa alasan yang jelas. Hanya dikasih label ""abnormal activity"" lalu disuruh baca kode etik. Banding cuma formalitas karena jawabannya template. Semoga tidak ada pengguna lain yang mengalami hal serupa.",1,0,,2026-07-04 14:17:31,,,False,261,False,False
6cc3d72c-5d15-484f-880c-12f20703c357,Shafiqah Ismail,Just burn my money,1,0,5.409.0,2026-07-04 14:14:01,,,False,18,False,False
ae02fb3b-b2e8-4b42-a49e-6df6f9126bc0,Akbar Prabowo,Kebanyakan notifikasi promo.,3,0,5.416.0,2026-07-04 14:11:41,,,False,28,False,False
a4d2a430-9aa9-4714-8133-a5c00e17d178,A. P,Customer support is terrible. Once again the vender sent cold. They pack hot food and cold drinks in the same bag.,1,0,5.416.0,2026-07-04 13:47:13,,,False,114,False,False
e975126b-bf83-4348-a57a-fbc72c0ad283,Vinz Jamio,amazing,5,0,5.417.0,2026-07-04 13:33:52,,,False,7,False,False
5cdeef61-1324-4520-b6ae-3aeffb950336,Italo Barbosa,very amazing option. Fast and cheap!,5,0,5.417.0,2026-07-04 13:30:01,,,False,36,True,False
6f9d7ac3-12a8-4e80-b64f-9507c532f3a6,Kerry Kulp,always a smooth transition🤑,5,0,5.416.0,2026-07-04 13:25:20,,,False,27,True,False
a1d65b88-bb42-42c1-afe3-8b92e68f668f,Romeo Carpiz,Very useful app,5,1,5.414.0,2026-07-04 12:52:22,,,False,15,False,False
774a56f1-c9a7-4632-ab4a-b38e0fd9322e,Roshan gaikwad Gaikwad,he is very good ap and experience app,5,0,5.416.0,2026-07-04 12:49:12,,,False,37,True,False
20cd45d7-da50-4a6c-a0cf-9c23d3e3ca76,Anwar Shawaf,some time I order bitter vehicle and I get same as the cheaper one 🥹,3,0,5.416.0,2026-07-04 12:29:14,,,False,68,False,False
a5d6b9f1-78c7-416e-aadf-8d5bee91c8ff,Ahriveen Selvaraja,Good service,5,0,5.414.0,2026-07-04 12:15:24,,,False,12,True,False
c76de0ef-c9a7-41c7-a56e-96c869a64722,Aparajita Acharya,bahut achcha app hai 🥰,5,0,5.416.0,2026-07-04 12:15:21,,,False,22,False,False
a897d602-58e6-46f9-a292-502eb61b8750,Christina wheeler,Amazing for all services!,5,0,5.416.0,2026-07-04 12:14:02,,,False,25,False,False
0bbd95e6-c9d0-4a6b-8b91-f561aa4e9eb3,Tuli Kumar,5 Star,5,0,5.417.0,2026-07-04 11:46:05,,,False,6,False,False
bf1e1ae6-3917-46ec-8848-de6e9908c4f5,Shella mae Pingol,ibahin nyo Sana policy ninyo sa customer service antagal nang proseso .ang tagal response kapag may reklamo..ang pangit ng service,1,0,5.417.0,2026-07-04 11:24:49,,,False,130,False,False
48fed50c-6d4f-49d4-8295-2442ace172f1,tweety girl83,ok,5,0,5.417.0,2026-07-04 09:44:22,,,False,2,False,False
f9daadcb-236b-4367-b521-f4de98d1819a,romeo siervo,very helpful and part of my daily life....,5,0,,2026-07-04 08:15:07,,,False,42,False,False
2d574420-5fab-4181-9482-71ba2393ee7e,Kek Hean Hooi,fast and furios,5,0,5.416.0,2026-07-04 08:01:39,,,False,15,True,False
f8edcd00-f9ce-42c1-a3e9-34eff2a2c1b4,Subba Rao,good,5,0,5.414.0,2026-07-04 03:12:01,,,False,4,True,False
e21102c3-841c-4920-bd1f-9971a1c5f562,Manogari 11,really helpful grab,5,0,5.416.0,2026-07-04 02:24:59,,,False,19,False,False
5e6f45a4-4399-4774-84bc-ab1a599bc14b,Nav Preet,amazing,5,0,,2026-07-04 00:16:37,,,False,7,False,False
69e86839-103b-42a8-a4c9-1aead5fd8def,Marco Salazar,GREEDY,1,0,,2026-07-03 22:49:17,,,False,6,False,False
090d204d-e533-4731-9630-14a483f0f68c,Sreng,"payment have no notification on me, and I can't unlink my bank acc it☠️🥀",2,1,5.417.0,2026-07-03 22:35:33,,,False,72,False,False
b4eef098-67b9-4424-a855-a3a2b470c914,Muhammad Noor Fadzril Osman,TQ³,4,0,5.409.0,2026-07-03 22:32:04,,,False,3,False,False
6931e003-2349-46fd-b5b9-7d6413cb09c9,Indripavita,good food and fast order,5,0,5.416.0,2026-07-03 22:05:29,,,False,24,True,False
6ceb7ecf-ad41-487c-84ae-44f45f41151c,prtz Alud,I don't recommend sa grab kung magpapa deliver kayo Ng pagkain tapos current location Ang gagamitin niyo!! sa iBang Lugar kayo ipi-pin!! at Ang layo pa!!,1,0,,2026-07-03 22:05:17,,,False,153,False,False
ac7f0280-81bc-4123-9f38-b9e542279296,Faith Sin,Their customer support is trash,1,0,,2026-07-03 21:57:51,"Hello, we’d like to review your case more thoroughly. Kindly reach out via the Help Centre or our social media channels so we can assist you further.
",2026-07-05 22:44:23,True,31,False,False
169be0ef-0de4-4a8d-ab78-88ed13f806f2,Sajidul A17,nice app,5,0,,2026-07-03 21:02:47,,,False,8,False,False
afe8665f-8252-4a10-a096-f3a2541cffb5,Isaac Bernadus,Gps is unreliable,1,0,5.417.0,2026-07-03 20:45:18,,,False,17,False,False
9e42ce61-6981-4bc7-aaac-2e5f8349d3a2,Florence Cuapingco,very good,5,0,5.416.0,2026-07-03 20:35:21,,,False,9,True,False
6c6d70e7-8b93-404b-8cf0-9843f8e7acbb,Md Faysal,expensive,3,0,5.416.0,2026-07-03 20:07:15,,,False,9,False,False
3efe9555-4921-4af6-b1d8-20abed890640,LM,"they're offering cheaper vouchers because of their new policy on grabcoins which will make most of customer's grabcoins expire soon. they make it deceivingly difficult to redeem (w/ hidden t&c which arent listed) which will make you waste the coins you've collected. in the past, their help centres were helpful but now hey wait till the vouchers expire and give AI-generated template responses. unfortunately they monopolise Malaysia's market but keen to see more competitors rise",1,0,5.416.0,2026-07-03 19:16:19,,,False,481,False,False
9d67962a-16e0-49a6-870d-9932e4fed8dc,Rishabh Khandelwal,"taxi service is largely good. but their mart ordering system is a big time scam. their shockingly abysmal support makes matters worse. you order 10 items, receive 1 after being charged almost 10x of market prices. i was completely shocked at the level of negligence and blatant robbery on their mart platform. ve very very careful while ordering from them.",1,0,,2026-07-03 18:44:59,,,False,356,True,False
5b9bde7b-1133-4791-a09c-94cba68ea49d,Ilieana Kobsin,Great and quick service,5,0,5.403.0,2026-07-03 18:37:50,,,False,23,True,False
6c05e0c5-b1b4-4354-b096-b992fd7ce06a,akimzesu,you shouldn't remove review from customer. we customer have right to complain.,1,0,5.417.0,2026-07-03 18:34:16,,,False,78,False,False
e40a935a-c7f4-4045-bb78-2d445bb0c1cb,Rook,"cancel 2 order karena ovo error tiba tiba berkali kali minta code ovo lalu malah pesanan masuk berkali kali, ga bisa cek aku pesan berapa di payment jadi kucancel semua, takut pesan berlipat",2,0,,2026-07-03 18:34:07,Halo Kak. Maaf ya buat enggak nyaman 🙇‍♀️ Apabila Kakak menemukan kendala pada penggunaan aplikasi Grab Penumpang maka silakan laporkan melalui link https://grb.to/consumeridhelpcenter agar bisa ditindaklanjuti ya.Terima kasih 🙏,2026-06-28 22:48:29,True,190,False,True
8953e90a-6250-4e64-b4e1-0268f018a5a6,ramsel galias,from now i try this apps inshaalla.,5,0,5.416.0,2026-07-03 18:07:18,,,False,35,False,False
9d006b00-19bf-483b-b827-9747a6fa9524,San San,Good,5,0,5.416.0,2026-07-03 17:45:10,,,False,4,True,False
445b4126-a658-4efa-a831-b6bb5ebcf13d,Ayesha Simran,great and always the greats,5,0,5.416.0,2026-07-03 17:13:59,,,False,27,True,False
4e2b31c1-b604-4fe7-a595-05ddc3393d5e,Dominic Freshwater,Best app to use in the Philippines 🇵🇭 👌,5,0,5.416.0,2026-07-03 15:49:34,,,False,39,True,False
a60112b8-48c6-48a0-8bd5-a46c80f5a091,Sohel Rana,good,5,0,5.416.0,2026-07-03 15:35:47,,,False,4,True,False
0cd33702-918b-4901-8004-d89b29ce5b32,Aishwaria Jay,please upgrade your map. seriously disappointed and dissatisfied . not have a proper map. but you charge too high but the map is really nonsense,1,0,,2026-07-03 15:29:57,,,False,144,False,False
5d3710b9-3bf1-4aba-b54e-a6626092f2ee,Luca Playz Roblox YT,great guy,5,0,5.416.0,2026-07-03 14:57:54,,,False,9,True,False
5e2ccc7e-7b56-4d6e-b0cc-82dac8238de2,Tay Zar Linn,ဒီထက်ဝန်ဆောင်မူပိုကောင်းထ်ု့အကြံပြုချင်ပါတယ်,5,0,5.417.0,2026-07-03 14:46:49,,,False,44,False,False
d8200670-586c-4d9b-8ff6-3c6d4eaed2d1,Carl Lazarraga,"Terrible help center, can't get any assistance whatsoever and I can't add my debit card. Horrible customer service.",1,1,5.416.0,2026-07-03 13:49:55,,,False,115,False,False
9edaecf6-906b-4859-a518-efa1a189c75d,Christar Angeles,always wrong sa pin nakabukas naman po yung location ko pero sa iba naka pin 😤,1,0,5.416.0,2026-07-03 13:29:53,,,False,78,False,False
746b8255-d722-457e-8f26-380568d9a94c,Neng Judes,maksunya bagus Dan gak lamabat,5,0,,2026-07-03 13:15:16,,,False,30,False,False
f7968131-90a3-4378-9043-454b6188d7ef,Louie Asuncio,"THE QR PH PAYMENT AY NAWALA, ALSO THE CASH",1,0,,2026-07-03 13:13:13,,,False,42,False,False
0db851de-0291-4922-9c49-2c0f25c27f8c,Rekha Nair,chicken is not fresh. fried more than once ..not healthy. so sorry!! 😔,1,0,5.416.0,2026-07-03 13:05:02,,,False,70,False,False
fdb596e3-be75-49ba-bbe7-bcf262120792,Adel Bernalte (Dhele),good service 😊,5,0,5.416.0,2026-07-03 12:58:31,,,False,14,True,False
f0674035-4a8e-459f-90fb-94d86a3a81b8,Ernesto Palparan,very comfortable and happy,5,0,5.416.0,2026-07-03 12:04:51,,,False,26,False,False
ec4a38f0-1aba-49c8-bda4-91f40c95ea6e,Princess Joy Ortado,"the app doesn't open anymore. I don't know, is it a bug? Because i was able to open it once and when i open it the second time it just crashes. Please fix this. it's frustrating",1,0,5.417.0,2026-07-03 11:57:05,,,False,177,False,True
826d9f4f-44d3-481f-8846-9769041c0b7e,Jomar Velasco,Very Experienced,5,0,5.416.0,2026-07-03 11:39:15,,,False,16,False,False
6b7fd609-ad9b-477d-8067-f9fde2d7daf3,Rimpa Maity,good,5,0,5.416.0,2026-07-03 10:43:14,,,False,4,True,False
4a9c3df3-f752-4615-82c4-9e4c7dd8e698,mr.jhon wick (jhonwick),good,5,0,5.416.0,2026-07-03 10:26:02,,,False,4,True,False
c2c39c54-5898-45eb-b41c-ae699d7c4e70,Rajamanigam Tulakanasinatan,not in win win situation,1,0,5.416.0,2026-07-03 10:24:32,,,False,24,False,False
9d66e622-3c87-4588-8fb1-562a3cae40e1,Nandani Bagh,best app,5,0,5.414.0,2026-07-03 10:13:54,,,False,8,True,False
cd707b7b-2a0f-4510-9eb3-6dae2d6039b2,Nerd Nymph,Shittiest customer service policies for the food app,1,0,5.416.0,2026-07-03 09:19:40,,,False,52,False,False
f165993a-0809-4ccf-a3b1-cf541c7e3de7,Liza Anne Alivar,nice,2,0,5.416.0,2026-07-03 08:02:02,,,False,4,False,False
56253564-9ba2-4e8d-bc6a-4a2169e447c0,jody oliver,"make sure they give you , your sauce ! But amazing!",5,0,5.416.0,2026-07-03 06:23:13,,,False,51,False,False
39a90502-32d4-4917-ae32-fcc75d097fda,Ron Su,terbaik,5,0,5.416.0,2026-07-03 01:18:30,,,False,7,False,False
5d437421-3a49-4843-9a33-b9b31100e684,MiTra SukseS,cukuplah...,4,0,5.416.0,2026-07-03 00:23:23,,,False,11,False,False
f07ae4f4-eda0-48d5-ae44-4bd714729214,Jonathan Pangilinan,solid mah men,5,0,5.416.0,2026-07-02 23:44:54,,,False,13,False,False
09f6f831-404b-4bf0-aad0-385bd7ecfefd,Sanjaya Poetragraha,good,5,0,5.416.0,2026-07-02 23:27:06,,,False,4,True,False
153af551-3f75-4ad5-86e7-ab2544736090,Vũ Tùng,Cannot connect my card for payment method. Tried several times but failed even reinstalled the app.,2,0,5.416.0,2026-07-02 22:24:21,"Bạn thân mến, Grab xin không ngừng lắng nghe, hoàn thiện mỗi ngày để bạn có trải nghiệm tốt nhất 💚 Nếu gặp bất kỳ vấn đề gì khi sử dụng Grab, Grab rất mong bạn sẽ chia sẻ với Grab qua fanpage chính thức (https://www.facebook.com/GrabVN/) để Grab có thể ghi nhận và hỗ trợ bạn kịp thời 🙏 - Tim",2026-07-04 23:28:14,True,99,False,True
17b66032-d72d-455d-9647-6ea824b36534,Eyka Ghazali,this app make my day many thing i can use in 1 app so easy love 😘,5,1,5.417.0,2026-07-02 21:11:20,,,False,65,True,False
c492d978-5250-4667-af23-46ee55318fd1,Linh Mai,display and ui not optimized w/ foldables,2,0,5.416.0,2026-07-02 20:35:16,"Bạn thân mến, Grab xin không ngừng lắng nghe, hoàn thiện mỗi ngày để bạn có trải nghiệm tốt nhất 💚 Nếu gặp bất kỳ vấn đề gì khi sử dụng Grab, Grab rất mong bạn sẽ chia sẻ với Grab qua fanpage chính thức (https://www.facebook.com/GrabVN/) để Grab có thể ghi nhận và hỗ trợ bạn kịp thời 🙏 - Tim",2026-07-04 23:28:22,True,41,False,False
334a7fc5-f238-4451-8984-e9158a766953,Rosemarie Mirafuentes,good job,1,1,5.416.0,2026-07-02 20:17:15,,,False,8,True,False
eec2358c-ff5e-4f85-b27b-499a2b8bddef,Gaurav Nishad,nice,5,0,,2026-07-02 20:01:06,,,False,4,False,False
3d52f51c-f753-446c-bfc1-f9de55410644,Asaduzzaman Roni,"Nowadays, it takes a long time to get a Grab, and the fares are often quite expensive. I hope they will improve these issues. Overall, the service is good,",4,0,5.407.1,2026-07-02 19:57:06,,,False,155,True,True
6ccc8239-6cca-4bc0-b4ea-2cd2a33784b6,TRII 1989 (THADPONG ASA),Update แล้วหลุดตลอด เลยลบทิ้ง ใช้งานแต่ละที​เจอแต่เรื่องแย่ 1.ร้านปิดแต่ไม่บอก 2.ร้านยกเลิก 3.ร้านให้ของไม่ครบ แจ้งปัญหาก็ยาก ให้ติดลบตรงไหน คงต้องเอาอีก​100​แอคเคาท์​มาให้​1​ดาว​จน​rate ลดให้ได้เลย,1,15,5.416.0,2026-07-02 19:44:26,,,False,198,False,False
d9d2e776-4ae1-4aca-8a62-d0af590d06aa,Yeni Memey,"kaga jelas, udah di batalin di daya tapi di grabnya tidak batal",1,0,5.416.0,2026-07-02 19:31:58,,,False,63,False,False
4b06e59f-e28b-4fe0-9a6a-9778ea65de0f,Mico Miranda,i filed a complaint and it's been more than a week now and still no resolution,1,0,,2026-07-02 19:27:35,,,False,78,False,False
49a269a8-e7ed-4528-b33c-32ff923e2a2a,Hanif Shariff,Amazing services and good service. Thank you ☺️,5,0,5.416.0,2026-07-02 19:27:20,,,False,47,True,False
16b0173d-0182-4320-b5f3-f6560c4bf909,Maria Fajardo,mabilis Ang deliver at sa discount promo thank you grab 🙏,5,0,5.416.0,2026-07-02 19:09:02,,,False,57,False,False
f3d54182-1567-47e8-ac4b-866289dd4510,Gopal Durai,good and nice 👍,5,0,5.401.0,2026-07-02 18:44:31,,,False,15,True,False
ab10db12-4552-4491-b4f9-de0fcd7fb5c9,Nand Lal Raut,good,5,0,5.416.0,2026-07-02 18:19:34,,,False,4,True,False
acc166c0-067f-4c91-b322-2d1a6b522b99,Manoj Mirpuri M3,useful in thailand 🇹🇭 👍,5,0,5.416.0,2026-07-02 18:18:22,,,False,23,False,False
ca764001-1603-458f-93fa-c68a25f99426,Md Hakim,good,5,0,5.400.0,2026-07-02 17:48:53,,,False,4,True,False
359b6b9a-135b-427e-9265-f73a7fcb59a1,Monaliza Danay,very fast service,5,0,5.416.0,2026-07-02 17:44:19,,,False,17,True,False
54dcebe5-2de0-4ed4-a226-6e2cb1d5e518,Rosan kumar Jain,ok,5,0,5.416.0,2026-07-02 16:52:40,,,False,2,False,False
fd4a4582-74cd-4902-8baf-8348c1de82a7,Thet Paing,မနက်ပိုင်းနဲ့ညနေပိုင်း လူစီးများတဲ့ချိန်ဆို ဈေးတက်ပီးမတောင်းပါနဲ့,4,0,5.416.0,2026-07-02 16:47:25,,,False,65,False,False
75214a88-cdc0-44bf-a8ea-903fdc3ad267,John Liby,good luck,5,0,5.416.0,2026-07-02 16:28:50,,,False,9,True,False
d9599b9d-d173-44b1-8a60-79901263bb6b,"BELGERA, Cristine Mae V.",It doesn't open upon installing!,1,0,,2026-07-02 15:41:03,,,False,32,False,False
93cb21b7-9879-4b3a-b0e6-2aa4de8203c4,思瑜,"Basically if u have any problem, just reach out to them. They will help you.",5,0,5.416.0,2026-07-02 15:30:34,,,False,76,False,True
7a161be1-2ec0-45df-9b7e-72fe2880dd73,Hein Nyi Nyi Aung,Verry good,5,0,,2026-07-02 15:09:36,,,False,10,True,False
5a9d6258-a50c-41d9-8e9c-2d64e51d8eb6,Weikhei Jee,when topup wallet always need to wait per hour to wait to process complete what the problem always like this? please expedite the process of topup,1,0,5.416.0,2026-07-02 14:24:00,"Hi, we want to help look into this matter. Please contact us through the Help Centre or our social media platforms to connect with our team.

",2026-07-05 22:43:36,True,146,False,True
c2e5e707-b073-45c2-aee5-876f6a6e7ec5,Jikelyn MD Kailyn,excellent,5,0,5.416.0,2026-07-02 14:14:11,,,False,9,True,False
0fe83153-3077-47e9-9668-b7e8c4f25f22,Ashik Mondal,nice app,5,0,5.416.0,2026-07-02 13:51:58,,,False,8,False,False
57e487f6-32d2-46d4-9558-afeedcf196ee,Cho Zin Hlaing,အဆင်ပြေ စိတ်ချ,5,0,,2026-07-02 13:08:04,,,False,14,False,False
703ddaa8-9916-4809-b208-1054aeefe40c,Reykklan Cruz,"it was really nice, over all. All of its benefits, can be use to treat your self and emergencies. the logo could be nice if they will add a little twist that makes it cool Grab is life saver for many.",4,0,5.414.0,2026-07-02 12:48:55,,,False,200,False,False
d5591405-5424-4dc0-9760-6db7063467d4,Zaw Min Aung,good 💯 job,5,0,5.412.0,2026-07-02 12:35:03,,,False,10,True,False
da80da77-f223-4981-8b10-d3f13b421a55,Ajit Kelkar,Good & safe driving. Very helpful for handling bags. Thanks,5,0,5.408.0,2026-07-02 12:13:56,,,False,59,True,False
bbc55b55-2a31-48ea-b924-b2754237ba9b,Eric john Lositano,all goods,5,0,5.416.0,2026-07-02 12:11:40,,,False,9,True,False
9f49381e-5fff-4307-b61c-d28769377afb,Joseph Serrano,perfect,5,0,5.416.0,2026-07-02 11:05:28,,,False,7,False,False
9187696f-2483-465e-afa3-4fea8b22edef,Casey Neistat,Bad design causes me to keep delivering to the wrong address. each time i change to another address its workflow keeps gaslighting me and somehow the original address is not changed,1,4,5.414.0,2026-07-02 10:57:27,"Hi, we’d appreciate the chance to investigate this for you. Please get in touch via the Help Centre or our social media platforms.
",2026-07-05 22:45:03,True,181,False,True
d23faec5-c985-443b-b2c5-58a27f80b7a9,Reyes Alladin,this apps is good and smooth to use,5,0,5.416.0,2026-07-02 10:57:25,,,False,35,True,False
c089c4a8-3540-4f3e-8d74-4b86f47eb93a,Nabeel ansar,nice and very helpful 👍😊,5,0,5.383.0,2026-07-02 10:08:27,,,False,24,False,False
67cfb102-4d52-4e66-ad35-210a8835d32b,Hu Fung Xian,"logo grabnya berubah2 terus kenapa ya? kalau mau pasang appnya jadi shortcut di halaman utama, hilang terus jadinya tiap ganti logo. apa subscription grab ngaruh ke logo tiap langganan atau tidak? subscribe ku belum mati2 sih tapi, logonya masih gonta ganti",2,0,5.416.0,2026-07-02 09:56:00,,,False,257,False,False
769e4aa7-e306-48a2-905d-d65c7557121d,Peter Adams,ยกเลิกบุ๊คกิ้งลูกค้าเพื่อเพิ่มราคา น่าเกลียดมาก,1,0,,2026-07-02 09:14:32,,,False,47,False,False
56589358-15fb-48c1-83f6-53d4a2a66bc2,Syafiqah Z,"Grab payment are idiotic, stupid! When it failed, you have to wait a lot of times before a second attempt. Whoever implemented this system, I wish you the worst.",1,0,,2026-07-02 08:53:49,,,False,161,False,True
d4a4676b-ccdd-49f0-84f0-4d3524f5e004,hamdanr rahman,ok,5,0,5.416.0,2026-07-02 07:05:58,,,False,2,False,False
f0e41226-be83-4dbc-bb13-40d00fc00e82,Happy Oppo,nice 🙂,5,0,5.401.0,2026-07-02 06:31:58,,,False,6,False,False
37618b0f-457e-4fb4-b2f2-be41aa7c5280,MD Rafidulislam,Very Good,5,0,5.416.0,2026-07-02 05:54:55,,,False,9,True,False
2fc7a504-09f9-4993-9087-24c2d1fcdf21,Aniq Farhan,Nice,5,0,5.416.0,2026-07-02 04:34:52,,,False,4,False,False
43aadcb4-5f97-4ce8-abaa-c8b753e876d8,Lil' Probinsyana,Good app. Trusty people,5,0,5.416.0,2026-07-02 04:23:57,,,False,23,True,False
47b5bce0-2757-475b-bb11-090ba0997621,Luigi Miguel Gloria,big salute 🫡🫡🫡🤙🤙,5,0,,2026-07-02 02:36:24,,,False,16,False,False
9540dda2-a84b-431c-ac87-22dca4177c43,Shamsul Anuar Shamsuddin,one stop solution for daily needs,5,0,,2026-07-02 02:28:26,,,False,33,False,False
979a7b8e-40d1-40e9-91c6-73b1b5fc70f6,Lezelmie Olivo,nice pru paki bilisan naman pag verify yung grab pay kooooo,5,0,5.414.0,2026-07-02 01:57:39,,,False,59,False,False
06e430fe-a62a-4bc9-8b38-2f242b525bbf,romekurt baltazar bencio,I LOVE THE APP AND SUPER SATISFYING!! 😽💖,5,0,5.416.0,2026-07-02 00:58:34,,,False,40,True,False
b5ce1ff9-1714-41a8-adae-299112accf10,Aneesa Dayana,very good no bug,5,0,5.416.0,2026-07-01 23:45:43,,,False,16,True,True
ace1ff6b-8925-4e87-8b20-7419140f7f70,Margaret Mcloughlin,found the grab app fantastic for getting around Hoi An. Very reliable and safe service,5,0,5.416.0,2026-07-01 22:04:52,,,False,86,False,False
2c433436-5bd5-4c56-898b-50d312cfeabe,Damien Gounon,"Terrible customer service. I am a VIP customer and all I can get from them when there is an issue with an order ""sorry we can't help you"". Will look into their competition for better service",1,0,5.416.0,2026-07-01 21:42:09,,,False,190,False,True
68e90420-4732-46a3-abf3-bf87a2c5bb3d,卓Johanes,"so hard to use nowadays, theres a bug with superbank and the promos cant even be used, the promos coupon appear but when i pay with superbank it suddenly said promos not available, and also i want to get costumer service but the layout menu all about NOTE ONLY not even real help. even as premium user i hate waste my time with such simple issue so i disappointed with grab settings, WHERE COSTUMER SERVICE WITH A REAL PERSON HELP BUTTON GRAB?",1,0,5.284.0,2026-07-01 20:20:02,,,False,443,False,True
2b4949f0-35df-4d29-86c5-1c81e93d2626,Mr Rony,good,2,0,5.401.0,2026-07-01 19:26:57,,,False,4,True,False
c6a09ee3-bc73-47c1-9d4e-ad5dbf8554fc,Nurul Asyikin Abdul Rahman,VERY BAD CUSTOMER SERVICE. They didn't bother to feedback on my claim. It almost a week and status it still under review..,1,0,5.417.0,2026-07-01 18:51:56,,,False,122,False,True
95eb21ed-16b9-463d-8134-da4dbc255c7c,Khadija Haq,Good 😍😍😍,5,0,5.416.0,2026-07-01 18:21:40,,,False,8,True,False
50e7e4db-8882-4db2-ab2d-804247b7e367,Raudhah Balqistina,"Very reliable service, reached my destination with no hassle at all 👍",5,0,5.416.0,2026-07-01 17:39:37,,,False,69,False,False
74e23ac3-48c3-4ba9-bd1a-2e1e594aba97,Azli XAUUSD Conquerer,"Worse each day, knn",1,0,,2026-07-01 17:39:26,,,False,19,False,False
735f1d5c-c7eb-4990-ab33-1920df368602,Gregorio Quiring,that's good 😊,5,0,5.415.0,2026-07-01 17:16:19,,,False,13,True,False
ad4117fb-1268-47a9-8b4c-07124f68193f,Wai Yan Myo Han 1988,‌Sometimes the price fluctuations are not correct.,4,0,5.416.0,2026-07-01 16:31:07,,,False,50,False,False
ed0ea19d-5565-421f-b7e7-42cd8b95fc82,Aditya Dongare,good app,5,0,5.416.0,2026-07-01 15:55:28,,,False,8,True,False
d21d798c-4491-4c92-b596-1c98623d87bd,Helen Regala,very convenient,5,0,5.416.0,2026-07-01 15:46:59,,,False,15,True,False
b346d1a3-c010-41e6-a67a-370c3a204c67,nur btrsya,gooddddddd service,5,0,5.413.0,2026-07-01 15:04:14,,,False,18,True,False
632396fb-e649-44ce-be64-837856d9faeb,Sharon Freeman,very good reliable service 👏,5,0,5.416.0,2026-07-01 15:02:32,,,False,28,True,False
852a60d5-3533-4e3f-b835-c064b6850b49,j s,"Lately full of bugs, does not show order status",1,0,5.416.0,2026-07-01 14:32:16,,,False,47,False,True
c68e0215-2885-4a8c-9406-d4056bbc88d1,oono oon,very helpful,5,0,5.416.0,2026-07-01 14:32:11,,,False,12,False,False
4eb786b8-2be4-4656-b038-6246d61c0cac,Fitri hakim,Nice,5,0,5.416.0,2026-07-01 14:31:53,,,False,4,False,False
de282df9-8ab1-4958-b518-a328424f1df3,Linh Nguyễn,"ko xem đc bao giờ đơn đến, chỉ dừng ở màn load ko xem đc cgi khi ấn vào theo dõi đơn ❓️ phiền kinh khủng",1,0,5.416.0,2026-07-01 14:04:44,"Bạn thân mến, Grab xin không ngừng lắng nghe, hoàn thiện mỗi ngày để bạn có trải nghiệm tốt nhất 💚 Nếu gặp bất kỳ vấn đề gì khi sử dụng Grab, Grab rất mong bạn sẽ chia sẻ với Grab qua fanpage chính thức (https://www.facebook.com/GrabVN/) để Grab có thể ghi nhận và hỗ trợ bạn kịp thời 🙏 - Tim",2026-07-04 23:28:56,True,104,False,False
e551adfd-ea90-4d97-ba70-f916249a071f,Lendi,"when i try to cancel an order food after a miss click, the view is only loading and i cannot cancel the order. its a bug in the application.",1,0,,2026-07-01 13:53:37,,,False,140,False,True
43cef746-56e0-4a2b-bd52-6fbf2db0d533,Mountain Warrior,"Grab is making so much money but their app for client support lacks lustre. If another company starts and do just slightly better, they are finished.",1,0,5.416.0,2026-07-01 13:50:52,"Hello, we’d like to review your case more thoroughly. Kindly reach out via the Help Centre or our social media channels so we can assist you further.
",2026-07-05 22:44:00,True,149,False,False
274bad14-55fc-47f4-ad3f-788ec9d48f0a,Jayesh Solanki,🥁😄😄😄😄😄,5,0,,2026-07-01 13:49:18,,,False,6,False,False
54458773-f227-418b-923b-fa0b328076e5,Priyan,5 saster❤️,5,0,5.416.0,2026-07-01 13:19:50,,,False,10,False,False
611fd15b-5d54-4ef9-a19c-47065638e52d,Strega 0,"what the hell happened to the app? the map isn't working. and before you blame me, yes my internet is fine. tried to raise my concern to your support but your stupid chatbot is talking in circles.",2,0,5.416.0,2026-07-01 12:56:18,,,False,196,False,False
2e0ff494-da04-44d6-8483-2a8b9aec1365,AJ Manuel,"i wanted to order some food. i was ready to place my order, changed the mode of payment, but the ""place order"" wasn't working. so i refreshed the app and changed the mode of payment again then ordered, but i didn't know it doubled the order. before you proceed, a reminder pops up that the transaction will be paid thru cash, so that's what i did. and i remember doing it once. so i'm frustrated that it doubled my order because the app was glitching.",1,1,5.416.0,2026-07-01 12:55:45,,,False,451,False,False
7c7a1e80-ad88-4f13-9e40-a0413fe662b5,Dany Rose,Can't connect my credit card on the phone app. Can't download the app on my laptop eventhough it says it should be available for it. Anythinh but user friendly,1,0,5.416.0,2026-07-01 12:42:50,,,False,159,False,False
5ed972fc-82c5-4cf5-bf5f-2a4698d8cb2d,Jueaida Msyed,SATISFIED,5,0,5.416.0,2026-07-01 12:32:18,,,False,9,False,False
5831605e-a7f4-4077-91b9-1fd22887733c,Mary Aimer Royo,"No one responds to my concern. Its been almost 2 weeks but my 50K never credited in my account. It was a succesful transaction, what happened Grabpay 🤦",1,0,5.416.0,2026-07-01 12:29:02,,,False,151,False,False
5b75101a-c13e-4284-8d56-505b7a38a525,Vasiliy,"worst update ever, fix the map!!!!",1,0,,2026-07-01 12:27:04,"Bạn thân mến, Grab xin không ngừng lắng nghe, hoàn thiện mỗi ngày để bạn có trải nghiệm tốt nhất 💚 Nếu gặp bất kỳ vấn đề gì khi sử dụng Grab, Grab rất mong bạn sẽ chia sẻ với Grab qua fanpage chính thức (https://www.facebook.com/GrabVN/) để Grab có thể ghi nhận và hỗ trợ bạn kịp thời 🙏 - Tim",2026-07-04 23:28:58,True,34,False,True
83e7ba24-6f5e-4382-b5a4-bea7e6d39369,M D,App has been extremely laggy recently. and customer service is not helpful. looking for alternative apps.,1,16,5.416.0,2026-07-01 12:17:55,"Hello, we’d like to review your case more thoroughly. Kindly reach out via the Help Centre or our social media channels so we can assist you further.
",2026-07-05 22:44:07,True,105,False,False
ce615981-2060-4373-84bf-608277efb5f8,Thanh Mai Nguyễn,xử lý sự cố chậm,1,0,5.416.0,2026-07-01 12:02:39,"Bạn thân mến, Grab xin không ngừng lắng nghe, hoàn thiện mỗi ngày để bạn có trải nghiệm tốt nhất 💚 Nếu gặp bất kỳ vấn đề gì khi sử dụng Grab, Grab rất mong bạn sẽ chia sẻ với Grab qua fanpage chính thức (https://www.facebook.com/GrabVN/) để Grab có thể ghi nhận và hỗ trợ bạn kịp thời 🙏 - Tim",2026-07-04 23:31:01,True,16,False,False
9b3f2029-dd0d-4794-90da-2eaca3e5fba6,Gerlie Salva,Trusted ko ang grab kahit medyo mas Mahal sya sa iba mas gusto ko ang service ng grab.,5,0,5.416.0,2026-07-01 11:59:53,,,False,86,False,False
e0acc352-0bae-4c6a-8498-e1d3caaac12c,Hamzah Mohd aris,mudah dan mesra pelanggan.,5,0,5.416.0,2026-07-01 11:37:03,,,False,26,False,False
e1aed3f3-bb3b-4342-a33e-40c776954554,Nratiqah Lamss,"grab selalu bagi voucher utk perjalanan dan makanan , sgt seronok guna app ini dan sgt bgus.",5,0,5.416.0,2026-07-01 11:10:59,,,False,92,False,False
07c98835-3ff4-4dcf-ba58-2b5192ba363d,mssfancy rayden,nak order grab skrg order 4 seater tu dua org je boleh masuk. kalau dia baik dia bagi tiga org boleh masuk. macam tak guna je book 4 seat tapi sbnrnya dua pax.,1,0,,2026-07-01 11:01:44,,,False,159,False,False
71c0067a-36d1-41de-a703-6f5b8f4ab166,Wulandari Aswad,"aplikasi eror, ga muncul status pesenan. alhasil salah anter.",2,1,5.416.0,2026-07-01 10:41:41,,,False,61,False,False
b2423c26-06f3-42e7-942d-4725dd06b76c,Patrick Christofer,the more this app done the update. the more DOWNGRADE the app become.,1,1,5.416.0,2026-07-01 09:17:26,,,False,69,False,False
7bbb1f4e-eb58-42a4-803f-edc7e36c6a6b,Machill Galono,good driving,5,0,5.416.0,2026-07-01 08:26:20,,,False,12,True,False
30812eec-2d12-404f-828f-0f894e046b4d,L,discriminatory app,1,1,5.408.0,2026-07-01 07:10:25,,,False,18,False,False
74ba5db1-1656-429b-b042-f0db923ed2eb,Mohsin Alharthi,the best application on travel,5,0,5.415.0,2026-07-01 07:05:18,,,False,30,True,False
247ec6e8-e085-4da9-a360-411ea5e609d1,KyzzBoysReview,Apps Yang Baik dan bagus untuk digunakan,5,0,,2026-07-01 04:39:37,,,False,40,False,False
d26baaaa-ae2e-442b-9aef-337be8335e2b,Allien John Patentes,Excellent functionality and smooth performance. It's become one of my favorite apps.,5,0,5.256.0,2026-07-01 03:06:35,,,False,84,True,False
28f9b9a6-fbb0-4ae2-8407-0e89fb9d7e15,Nandini Thapa,just downloaded the app and excited to enjoy the service which they provide❤️,5,0,,2026-07-01 02:33:22,,,False,77,False,False
43ec7b57-9148-4914-9f87-0a47b709bff6,Haikal Haikal,slow very slow,1,1,5.416.0,2026-07-01 01:14:05,,,False,14,False,True
acaeda56-0b69-4466-a274-58354bd86b44,Jhon Benjie Ancog,Something wrong of your application i cant see order progress,2,1,5.416.0,2026-07-01 00:51:05,,,False,61,False,False
da778f31-f361-40e6-a9f4-39fd87d28474,Anthon Gurez,"I loved this app before, but now the discount and overall user experience is not the same. They can't handle growing users so they lowered the discount user can get.",1,1,,2026-07-01 00:39:11,,,False,165,True,False
b91e70fa-80b7-4d1a-a33c-c0568eb80b4a,Sihasan Sihasan,nice app,5,0,,2026-07-01 00:21:32,,,False,8,False,False
a3cfbd96-5cd6-4848-84ec-eeb23ca4984b,D Keane,great bit of stuff. great safety features.,5,0,5.416.0,2026-06-30 22:43:00,,,False,42,True,False
775ad144-3c01-4d7a-95c8-d39296219bc7,Gel,I updated the app so I can get the grab coins which are supposed to be available from june 19 - july 3 if you order from 3 pm to 11:59 pm but to my surprise it won't allow me to add the promo. The minimum is 500php and my order is over 1000php. This is so ridiculous for you to put a promo discount that cannot be applied. I have read the instructions in order to be qualified and I did.,1,1,5.416.0,2026-06-30 22:15:32,,,False,387,False,False
44129ec8-fd47-4d6b-804b-739cc98d3d40,Kelly Elliana,TRASH APP UNLIKE BEFORE.,1,1,5.416.0,2026-06-30 21:35:36,,,False,24,False,False
5f4c97ac-9840-4ce9-adc6-43c187c0ac4b,Liaan Caliraya,TRASH!!!,1,1,5.416.0,2026-06-30 21:34:06,,,False,8,False,False
1aff5eb2-475f-461c-9487-96e45be64656,Win Thurein Htut,Good services & manner.,5,0,5.416.0,2026-06-30 21:17:23,,,False,23,True,False
17905946-d33d-4771-a290-375eec5713c3,Gabriel Puvan,Excellent,5,0,5.415.0,2026-06-30 21:16:19,,,False,9,True,False
56cabd95-0bda-4ae4-8f82-145d443168b8,Gemunu De Soyza,great service 👏,5,0,5.416.0,2026-06-30 21:02:03,,,False,15,True,False
81e1d376-be97-412e-93be-5ed42d9697ec,Supot Chunhachoti-ananta,after sales services suck,1,1,5.416.0,2026-06-30 20:54:07,,,False,25,False,False
2b101525-ad7c-4e88-b71c-b8ac2842070b,Deyti,PARAAAAAH GA BISA BUKA CEK ORDERAN SUDAH SAMPEK MANA,1,1,5.416.0,2026-06-30 20:35:01,,,False,52,False,False
2f56a62b-f290-4e5d-861c-d096c1dbd23e,Sayed,good,5,0,5.414.0,2026-06-30 20:22:43,,,False,4,True,False
2d4d382c-0e0e-417b-91f9-8ee21f288e9c,Ros ette,Excellent💯👍,5,0,5.416.0,2026-06-30 20:08:05,,,False,11,True,False
15857416-628b-4ac8-baa5-876aa922dcf0,Hanum,"Shoutout to Grab for deducting RM14 from my account, cancelling my order, and keeping the money anyway. Truly a flawless business model. Love paying for absolutely nothing, especially when it happens over and over again.",1,1,5.416.0,2026-06-30 19:47:28,,,False,220,True,False
e91e6351-ff33-4663-ba40-3b794a27b1bd,alya madihah,i use this apps when i got lazy to go out to buy food,5,0,5.416.0,2026-06-30 19:37:52,,,False,53,False,False
acef5b25-4857-4de5-a781-c43a32380999,Tope Antoniano,cannot do the multiple orders after checking out unlike before,1,0,5.416.0,2026-06-30 19:36:05,,,False,62,False,False
0bb14740-ef28-4111-b8e1-ad78bb03d7cb,Mogran,This app is COMPLETE GARBAGE. Everything is GLITCHY. I CANT EVEN SEE MY ORDER. The free delieveries on Grab Premium are TOO EXPENSIVE for a single order. Overall using this app WILL FRUSTRATE YOU.,1,4,5.416.0,2026-06-30 19:31:42,,,False,196,False,False
dc8dc9fd-83cd-4806-865c-99091e0ff20b,Raju Saini,good,5,0,5.416.0,2026-06-30 19:31:41,,,False,4,True,False
f4ef31a5-2f3a-448b-a121-ebf57977bba4,Aussie,excellent,5,0,5.416.0,2026-06-30 19:31:19,,,False,9,True,False
a9726d03-779e-4b8c-96c9-d117cd2142eb,Lwan Po,good,5,0,5.416.0,2026-06-30 18:35:42,,,False,4,True,False
a3de5de8-2014-443c-8c2a-2c3d507e40f5,Alexis Henry Rufino,"not recommended sa probinsya, laging delay at madalas na c cancell sayang yung pag hihintay mabagal service kaya not recommend sa probinsya but recommend sa city.",1,0,5.416.0,2026-06-30 18:26:59,,,False,162,False,False
870ca491-75fe-4d3d-9631-9296c27f3c59,Yash Jadhav,yah app bahut achcha hai*,5,0,5.416.0,2026-06-30 18:26:44,,,False,25,False,False
583d7a04-7d29-47f0-a0f5-d461177c3095,Petrick and Rockelle Agbulos,excellent service 👍,5,0,5.416.0,2026-06-30 17:59:54,,,False,19,True,False
6f7c4119-4d04-49c3-b1d7-409f6dc9faff,Davin Andika,👍,5,0,5.416.0,2026-06-30 17:50:49,,,False,1,False,False
f8edb9d1-bafd-4cd4-86ff-a25d03ebe623,Adharianawati Abdul Rahman,very good 👍,5,0,5.416.0,2026-06-30 17:42:37,,,False,11,True,False
ad0fce7f-999a-4e93-8dfd-0b2f6d26d692,Rithika A,good,5,0,5.416.0,2026-06-30 17:23:33,,,False,4,True,False
80a25547-05fd-4008-ac53-5dd73f29e330,Indra Hermawan,Malaysia kami akan coba,4,0,5.415.0,2026-06-30 16:38:55,,,False,23,False,False
131c10c1-5871-419c-972a-fe13e186ca04,dinesh kumar,good 👍🏻,5,0,5.416.0,2026-06-30 16:21:11,,,False,7,True,False
86f3138a-c66b-4197-be58-289fd81d95f1,Randy Castillo,maganda at madali Ng maka order,5,0,,2026-06-30 16:09:09,,,False,31,False,False
cfc383be-7a9a-423d-adb1-81a59c08ad28,Hendrik Morren,It worked very well!,5,0,5.416.0,2026-06-30 15:47:46,,,False,20,False,False
aa903286-c5db-41f1-8128-9f8f04e54adc,christopher benjamin,thank you for your help,5,0,5.416.0,2026-06-30 15:45:19,,,False,23,False,False
16396a9b-43d7-4e0b-a546-6566ac0de009,Dylan Tan,"didnt let me order without setting up a passkey so now i have to select that app then select an option before being able to open the app, and after a while. after ordering food, i had to track it then it kept showing me an unskippable passkey screen. now i cant track my food, nor order any food anymore. i had to spend a solid 30 minutes trying to open the app, and another 10 trying to track my order.",1,1,5.416.0,2026-06-30 15:38:36,,,False,403,False,False
d5712707-0ae3-4f91-a53c-13e284980b94,Noung Wan si,good,5,0,5.416.0,2026-06-30 15:23:03,,,False,4,True,False
3d596391-5c4b-4a78-ab10-2a2b7ac2b489,Apa-ap Jasper,not giving a code 5 times waiting,1,0,5.416.0,2026-06-30 15:14:03,,,False,33,False,False
7cace6c5-eccd-476c-8d86-008ec30dbff3,Kevin Alcazaren,good app,5,0,5.400.0,2026-06-30 15:11:22,,,False,8,True,False
7ffd0097-9e94-48dc-b833-86ab5263b18e,REJUANUR Alam,nice apps,5,0,5.416.0,2026-06-30 15:08:01,,,False,9,False,False
24bb1335-c9d3-49bf-bae1-9925a5c001f1,Abid Mallick,🚴✊✊,5,0,,2026-06-30 14:54:37,,,False,3,False,False
3eec9b5b-4acb-4064-baad-ee9262d1c5ba,Mark Anthony Zambrano,it's very good,5,0,5.416.0,2026-06-30 14:54:35,,,False,14,True,False
1d660884-bddd-4e22-b65b-13ff08186d88,Narayan Sadhukhan,good platform,5,0,,2026-06-30 14:24:43,,,False,13,True,False
53734f7d-3388-4cc6-a914-d86cdd06e715,Ganesh Hekade,this is noob or dumb app,1,0,5.416.0,2026-06-30 14:22:35,,,False,24,False,False
e88f5cd3-fbb3-46ce-9914-9ced8bf3faf1,Su Wai Phyo Mg,save arrive,5,0,5.416.0,2026-06-30 14:05:18,,,False,11,False,False
c550eefe-e8dd-4960-950d-2239a2773c00,Mohd Lee,I don't understand why they need to punish paying customers by showing ads when using it. This makes it so confusing for my parents to use. Please add an option to return it off!,1,0,5.416.0,2026-06-30 13:25:26,,,False,178,False,False
a6a95fa7-7fdf-4c1d-b8cc-bedc74626999,Nurnehar Begum,faltuapo,1,0,,2026-06-30 12:32:21,,,False,8,False,False
4bd2f180-bcaa-4a97-85a2-a132b1ea6f15,Ephraim Cabangon,Customer Service is non-existent!,1,0,5.416.0,2026-06-30 12:25:32,,,False,33,False,False
3475bb61-1a86-4c2d-aa84-7e04ef322e4d,ALONE,good app 💗💓,5,0,5.416.0,2026-06-30 11:43:33,,,False,11,True,False
080f6b44-6685-4b63-bf2e-afa6c5394e6c,ohlala,ALWAY STUCK WHEN IM DOING THE PAYMENT! AGAIN HI I ALREADY TOPUP MY ACC. THE AMOUNT ALREADY DEDUCTED FROM MY BANK. AND YET IT SAID IT STILL PROCESSING IN THE APP. PLEASE REFUND MY MONEY BACK OR PUT THE AMOUNT TO MY ACC. ALSO DID U REMOVE HUMAN CUSTOMER SUPPORT OR WHAT? I WANT THING TO BE SOLVED NOT TALK TO AN AI,1,0,,2026-06-30 11:40:29,That doesn't sound right! Can you give us more information at http://m.me/Grab so that we can investigate.,2026-03-12 20:08:31,True,312,False,True
61f38d99-9ebf-4f31-8afa-41e9b394b104,Ferry,ok,5,0,5.393.0,2026-06-30 11:10:59,,,False,2,False,False
59b31d12-7b3b-4190-98f7-0d7ac6d62e9e,Anup Kumar Halder,good,5,0,5.416.0,2026-06-30 11:01:43,,,False,4,True,False
ed1930a7-1928-4e5b-afe2-dcdd1270a980,syafiqah jamil,"Something very important for everyday use and even for foreigners, very helpful and even customer service also good",5,0,5.416.0,2026-06-30 10:56:52,,,False,115,True,False
898463aa-339e-4cfb-8235-4e8b22f2eeec,Ayu Gurl,laju..memuaskan,5,0,5.416.0,2026-06-30 09:58:14,,,False,15,False,False
bf7b2721-e9fb-42f1-9f94-c7b7952afe8e,Sujatha chintala Sujatha chintala,it is a very good app,5,0,5.416.0,2026-06-30 09:36:18,,,False,21,True,False
33c045fb-8390-4a74-bdb3-bbb300b82d85,Arman Arman,nice app for grab,5,0,5.416.0,2026-06-30 09:09:47,,,False,17,False,False
f759a1e9-2393-45ea-96eb-32a24c0df317,kirubasanam navamoni,convenient and time saving,5,0,5.416.0,2026-06-30 09:04:10,,,False,26,True,False
9cdbb764-c49c-4e12-93da-32b1761e5b23,Ariff Muzakkir,"Tempahan mudah, pemandu mesra dan aplikasi berfungsi dengan lancar. Sangat memudahkan urusan harian",5,0,5.415.0,2026-06-30 08:52:17,,,False,99,False,False
df420d32-8619-4292-84cd-ed3f9f8097d5,Kokonoga,อยากได้ปุ่มกด block ร้านอาหาร บางทีมีประสบการณ์ไม่ดีหรืออ่านรีวิวแล้วมีปัญหาสุขอนามัย ไม่อยากให้แม้แต่จะเด้งขึ้นมา,4,0,5.414.0,2026-06-30 07:25:03,,,False,114,False,False
a98c7dd7-16cb-4451-9b20-c2a3ecdacc24,Faisal Maing,Mantap dan sanang,5,0,5.414.0,2026-06-30 07:04:21,,,False,17,False,False
41631470-9636-43b5-b295-6eec3dd11380,C Swagz,helped me save so much time from going out to buy food,5,0,5.415.0,2026-06-30 05:05:28,,,False,54,False,False
4747f537-235f-49af-80b5-46328d08d2f7,Nirwan M R,bad reception,1,0,5.416.0,2026-06-30 02:08:11,,,False,13,False,True
6c46bbba-fd1e-47c2-858d-e49da39174f8,Ayan Qureshi,amazing app,5,0,,2026-06-30 01:40:12,,,False,11,False,False
15d371eb-0607-414b-88c6-fb470ba93887,Christine Brillantes,2 hours waiting for pasabuy with tip :(( pls waiting queue should be fixed,1,0,,2026-06-30 01:37:48,,,False,74,False,False
a7a68ab7-0af5-4a9f-a87f-762728fc3d85,Mohd AmiroolFidzee Mohd Faudzi,THE BEST,5,0,,2026-06-30 01:24:49,,,False,8,True,False
0c7adff7-3817-4885-b10f-8a9c48378b90,John Paul Vitanzos,"Unauthorized tip transaction.I did not recognize or approve this charge. If you refuse to refund my money, I will no longer do business with you. Your customer service is poor and unhelpful. I do not feel secure using this app.",1,0,,2026-06-30 01:15:15,,,False,227,True,True
8be4988f-11f0-4ba5-b3f7-95fb174d61de,Anil Kumar,good 👍,5,0,,2026-06-30 00:56:51,,,False,6,True,False
fa41e692-925b-4427-88c5-1f1ea780ea46,Aswin Kumar,Please come and introduce all of your services to India 🇮🇳🇮🇳🇮🇳,5,0,5.407.1,2026-06-30 00:32:58,,,False,62,False,False
b9a85430-b50f-4040-b987-6c68d11305de,Thajakorn TH,bad contact helpdesk,1,0,5.416.0,2026-06-29 22:56:08,,,False,20,False,True
695f6107-3e5c-41c3-a6b5-770347e189d0,nor ismael,good,5,0,5.416.0,2026-06-29 22:47:57,,,False,4,True,False
27c0be0f-6a11-4f44-bcad-452231e44a00,Mohammad Faiz Ismail,good food here,5,0,5.416.0,2026-06-29 22:45:02,,,False,14,True,False
536fe19e-9996-487f-8a48-391c3a5631c6,Jafrin Camillus,multitasking apps,5,0,5.416.0,2026-06-29 22:40:07,,,False,17,False,False
f244536a-5c64-48b7-a523-b823b219d0fd,V Nitheesh,good app,5,0,,2026-06-29 22:25:54,,,False,8,True,False
9b793943-c58f-40b3-8553-6c7a54a93b95,Anthony Casipe,great,4,0,5.416.0,2026-06-29 22:17:43,,,False,5,True,False
825f1121-5048-4d3c-9e63-6c2872a76173,anely Requillo,thank you so much malaking tulong po sa akin yong loan offer na 10k.last December 2025.,5,0,,2026-06-29 21:50:59,,,False,87,False,False
bc369add-478a-4bd4-969c-fa8bebb46d7a,John kevin Abarca,ayus good,5,0,5.415.0,2026-06-29 21:41:25,,,False,9,True,False
86180e52-3b72-4cbe-bff1-65f1cf8e15f3,Jazen Danke,kinda pricey,3,0,5.233.2,2026-06-29 21:35:34,,,False,12,False,False
7c9b1fa9-0662-47d4-81ac-e65ac8024575,Margelyn Lumanog,very good 👍😊,5,0,5.416.0,2026-06-29 21:34:44,,,False,12,True,False
80a847e2-7463-4a2c-b33c-9291b0932462,Salim Chahin,Grab is great in Vietnam,5,0,5.416.0,2026-06-29 21:23:34,,,False,24,True,False
170f5c5d-4947-4013-ac92-c55a85fcd6be,Cathy BT,Great service straight to the door.,5,0,5.416.0,2026-06-29 21:21:16,,,False,35,True,False
771ae2a5-5319-4c8f-8084-3acf2f8fe189,Jun jun Villasor,nice,5,0,5.416.0,2026-06-29 21:16:23,,,False,4,False,False
de6c17aa-65ae-496d-bfcc-11fcff30d0b3,uday alkazzaz,"worst customer support, I ordered food, I received wrong order, it's been over a week trying to resolve the problem, it say will refund you by email, for a week no refund, and no one answers you, try to avoid this app for food",1,1,5.416.0,2026-06-29 20:54:35,,,False,226,False,True
45968fb1-ec81-42e8-89fe-90fffedacc5e,This is Josh,still the best app!,5,0,5.416.0,2026-06-29 20:28:17,,,False,19,True,False
f9c26689-2bb1-44a7-bcc3-81b663640187,satyanarayana kaluva,All good 👍,5,0,5.416.0,2026-06-29 19:16:43,,,False,10,True,False
bc765731-0500-43b7-a71d-d7cde70dfe8e,Maharaja Arunachalam,good,5,0,5.416.0,2026-06-29 19:02:37,,,False,4,True,False
31c0513d-392f-432e-9c95-b43d473f0b84,Kurono Akuma,"remove marybrown from jengka area first then you'll get 5 star, the reason behind this is that I've ordered more than 3 times from them and they or the app always cancelled my order last minute, I'm a student I don't have much free time so please fix this so it don't happen to others especially students like me",1,0,5.414.0,2026-06-29 18:01:03,,,False,312,False,False
3434fef6-2838-4e08-927e-e9faaec6f5a5,michaell moore,ovo and grab scam,1,0,5.416.0,2026-06-29 17:58:45,,,False,17,False,False
f1305587-39d4-4ce3-8e13-a6998bcc83e2,Samsundar Sarkar,nice,5,0,,2026-06-29 17:58:36,,,False,4,False,False
e19a9de5-2682-4fbc-9f02-0bfbf75cbeb3,Liam Penn,Used to be okay but so many routing errors now after they moved to Grab Maps. Like why would the drop-off be across the street and not in the building drop-off huh?,3,0,5.303.0,2026-06-29 17:27:17,,,False,164,False,True
30e11e94-9f30-4d4c-8cd2-db3d736620b8,Samasu ddin,good,5,0,,2026-06-29 17:26:54,,,False,4,True,False
836c1a78-dd72-4f26-afab-2f171788cab1,Raju Mundo,bahut achcha hai aapke,5,0,,2026-06-29 17:11:30,,,False,22,False,False
f02bf86c-e3ff-4df5-b7cb-373bd0757608,Fakirmamad Sama,this app is good app,5,0,5.416.0,2026-06-29 16:55:06,,,False,20,True,False
fd0bb723-fd75-410d-ac19-4b7525e2a9cb,Damia Aamira,"grab is a good choice, either you want to order a grab or a food to deliver, also it is quick!!",5,0,5.411.0,2026-06-29 16:52:16,,,False,95,True,False
e15f766c-49a1-464c-99ae-0a40a3d36b09,Sachin Modak,💞💞💞 so nice,5,0,5.416.0,2026-06-29 16:52:08,,,False,11,False,False
bc3eb575-70af-4515-b78b-2429c532e702,Muhammad Shahrizan Jamian,Excellent 👍,5,0,,2026-06-29 16:49:40,,,False,11,True,False
36c0ac75-08f0-4ad5-8178-4892a5128a26,Ace amy,"aplikasi yang sangat berguna dalam kehidupan.. bukan stakat makanan,.pengangkutan pon ada.. servis cepat.. harga berpatutan.. dengan grab xperlu risau jika kereta rosak tiba2..",5,0,5.410.0,2026-06-29 16:30:40,,,False,176,False,False
458a23a8-6e79-46d1-81c3-ae143fdafb8b,Ps Dhuva,good 💯,5,0,,2026-06-29 16:23:07,,,False,6,True,False
243acc75-d10e-4a79-aa65-291f7552917e,Rakesh Gurung,ok,4,0,5.416.0,2026-06-29 16:16:24,,,False,2,False,False
715e709d-842e-4f15-962c-a39ce782a608,Eshare De,Clean car,5,0,5.416.0,2026-06-29 16:08:02,,,False,9,False,False
3fab7c52-c7ef-4e60-a805-b0a412e8713a,Goutam Das,best 🫡,5,0,,2026-06-29 16:04:36,,,False,6,True,False
acf0dcc0-fb39-4afd-89b7-619a4cb38e36,Jeffrey.zerna Zerna,thank you grab,5,0,5.416.0,2026-06-29 15:52:31,,,False,14,False,False
80bc5994-f667-4ebf-98e9-63abc801f503,Reynold Managad,great 💯 personally poge !,5,0,5.416.0,2026-06-29 15:47:21,,,False,25,True,False
4cde5857-1bd5-46a6-91de-d3c76c293ec0,Balaji FF,this app is very good and does not have any issues and helps to navigate and to order food and it breaks the language barrier😊,5,0,,2026-06-29 14:44:29,,,False,126,True,True
de67097c-c5b7-485a-8c7c-cc98adf95ba3,Happy Ok,nice,5,0,,2026-06-29 14:29:30,,,False,4,False,False
9e2f3c78-82af-4103-a8c4-8cee977288c6,Shiv Prajapat,❣️❣️❣️❣️❣️❣️❣️❣️❣️❣️❣️❣️❣️❣️❣️❣️❣️❣️❣️❣️❣️❣️❣️❣️❣️❣️❣️❣️❣️❣️❣️❣️❣️❣️❣️❣️❣️,5,0,5.416.0,2026-06-29 14:29:14,,,False,74,False,False
41b52411-0899-4375-a379-23b9efa78204,Schrodinger's Cat,Terrible at locating places by name. very painful app to use compared to Uber. the developers have to fix that. I don't want to use the pin 📍 Everytime I need to go somewhere. I should type in my hotels name and see a list of the matching hotel names,1,0,5.415.0,2026-06-29 14:28:51,,,False,250,False,False
e3d59e86-cc9b-4d01-a1d3-da4a646a496c,Gurjantsandhu Sandhu,thanks grab,5,0,5.410.0,2026-06-29 14:26:00,,,False,11,False,False
a23c44ba-20ce-42ce-84cd-1aaebbb93508,Himanshu,ok,1,0,5.416.0,2026-06-29 14:19:13,,,False,2,False,False
73298ff8-7795-4be2-80f1-41a8716fefa9,Gue O,slow,3,0,5.416.0,2026-06-29 14:09:29,,,False,4,False,True
879d83f6-6a05-418f-9bd0-8118aba3df82,gembuls sujarwo,"titik jemput berubah sendiri, tolong benahi titik jemput klo di lobby RS Kariadi Semarang jgn dipindah ke titik point grab, namanya orang sakit ada yg susah jalan salah satu alasan pakai Car",3,0,5.416.0,2026-06-29 13:53:08,,,False,190,False,False
a274df35-75b3-4074-a234-278c242719e9,azul zin,"Grab is a must for me to work from home. everything i need from food, groceries and goods pickup.all in 1 apps. not only for myself, i can do it for other people too..so easy.",5,0,,2026-06-29 13:46:29,,,False,175,True,False
15354f6f-cbf9-4701-9315-91c38dd75e49,hidayahtul aiman,Grab ialah aplikasi yang sangat mudah dan boleh dipercayai untuk pengangkutan. Ia memudahkan pengguna menempah perjalanan dengan cepat serta menyediakan anggaran tambang yang jelas. Grab juga menawarkan penghantaran makanan dan pelbagai ciri lain yang sangat berguna untuk kegunaan harian.,5,0,,2026-06-29 13:45:57,,,False,289,False,False
9afb5b53-6d99-4f2b-93c4-47eb16595888,lourm veasna,NHOEMPOT 🤍🤏😘,5,0,,2026-06-29 13:35:41,,,False,12,False,False
2a51ae77-bda1-4191-aff8-cc27b73701a1,soham Bakal,good,5,0,,2026-06-29 13:32:33,,,False,4,True,False
ed20327b-c98f-4db3-aeb8-8dd8e36ba366,Md Safyaan. Sm,Vary good old man,5,0,5.415.0,2026-06-29 13:15:21,,,False,17,True,False
a3db14c5-c84e-4d4a-83be-fc1c8a941818,Jayesh Jayesh,good aap,5,0,,2026-06-29 12:50:24,,,False,8,True,False
f1eeb214-0170-4d7e-a7f6-851d2ef5dc23,Kochi bazar Bazar,Come to india.banglore and kochi.autorickshaw and car service. uber is too bad in our area,5,0,,2026-06-29 12:43:32,,,False,90,False,True
b0d32ecd-35c6-4f9c-b4b9-f0b9c4ef1180,XFiNiTY XFi,woi mahal nak mampus tambang sialan punya grab babi,1,6,5.416.0,2026-06-29 12:41:54,,,False,51,False,False
b78f95b1-f79e-410f-8fda-df87425dff95,Naveen Naveen,use full,3,0,5.416.0,2026-06-29 12:30:56,,,False,8,False,False
2d71860a-5017-40ca-90ec-e9d389fcbede,Kirk hindrich Labay,After ko mag cash in sa grab pay biglang tumaas yung fare tas di ko agad mabalik sa gcash badtrip,1,0,5.415.0,2026-06-29 11:58:31,,,False,97,False,True
3e4dc1a1-3b88-46e6-97da-c94d4b4b51d9,Junjun Deo,good service,5,0,5.416.0,2026-06-29 11:39:41,,,False,12,True,False
c8939a3b-67a8-4335-b60a-fd3bd5de116f,Jhonar Delima,Bad app. Inconsistent. Very poor,1,0,5.416.0,2026-06-29 11:29:57,,,False,32,False,True
dfbf9e68-6522-43ee-8d1f-bcde219407cd,Nyoman Landra,ac Mobil kurang dingin,5,0,5.416.0,2026-06-29 11:02:58,,,False,22,False,False
c1ddf007-b5f8-4b95-a690-d57a4fa7b3eb,Mohanadass Nair Mon,terbaik aka ni,5,0,5.415.0,2026-06-29 10:59:57,,,False,14,False,False
0f677a6d-574e-48cc-9be8-850ab38e9912,Ankush Kumar,nise app,5,0,5.416.0,2026-06-29 10:24:24,,,False,8,False,False
879a6278-e694-4185-b074-4efe6e608c43,CD Lim,disappointed,2,0,5.411.0,2026-06-29 09:54:10,,,False,12,False,False
e2dab0f9-4557-4a92-834f-72f118749b32,Nadia Ayup,senang nak oder mknan..bila perlu..,5,0,5.415.0,2026-06-29 08:55:57,,,False,35,False,False
6d4ca208-49e5-46c0-af64-89e065a4730f,Suraj Basnet,ok,5,0,5.410.0,2026-06-29 08:29:59,,,False,2,False,False
6f00dc62-3d3c-4880-8fb6-d45fab9fe600,charles elan,good drive,5,0,5.415.0,2026-06-29 05:58:24,,,False,10,True,False
78de6147-dc5e-4d79-8806-ee7518898be7,Rohan Ruidas,bast app,5,0,,2026-06-29 03:52:44,,,False,8,False,False
fdc0636b-8324-4295-b76f-a805a5182787,Anil Kumar Mukhiya,good,5,0,5.415.0,2026-06-29 01:59:49,,,False,4,True,False
